Submission id,Participant id,Status,Started at,Completed at,Reviewed at,Archived at,Time taken,Completion code,Total approvals,Age,Sex,Ethnicity simplified,Country of birth,Country of residence,Nationality,Language,Student status,Employment status
638739e943700da88736c182,60f3b1fe9d52d0f9fe552298,APPROVED,2022-11-30T11:09:37.474000Z,2022-11-30T11:17:15.712000Z,2022-11-30T14:11:17.808000,2022-11-30T11:17:16.156571Z,459,NOCODE,101,43,Female,Black,United States,United States,United States,English,No,Full-Time
63873a051f2c5f32a87c10ff,5ee8fdbb6b0e1325a483f9fa,APPROVED,2022-11-30T11:10:00.085000Z,2022-11-30T11:12:52.823000Z,2022-12-01T08:04:19.960000,2022-11-30T11:12:53.210335Z,173,NOCODE,1327,40,Male,White,United States,United States,United States,English,No,Full-Time
63873b5b9ae48234e7ec72fa,5e0ee83753b56e60bf046490,APPROVED,2022-11-30T11:19:24.304000Z,2022-11-30T11:20:57.159000Z,2022-12-01T08:04:21.201000,2022-11-30T11:20:57.607912Z,93,NOCODE,403,28,Male,White,United States,United States,United States,English,No,Full-Time
63873da589136c4bb6ec730e,607dc630d2d30aa7e8699c23,APPROVED,2022-11-30T11:25:28.638000Z,2022-11-30T11:26:54.943000Z,2022-12-01T08:04:22.430000,2022-11-30T11:26:55.300670Z,87,NOCODE,1994,32,Male,White,Poland,United States,United States,Polish,No,Full-Time
63873de08dbda7ec5779dce4,6341a541b6cfd5f8933f48c4,APPROVED,2022-11-30T11:26:29.973000Z,2022-11-30T11:37:34.603000Z,2022-12-01T08:04:24.195000,2022-11-30T11:37:35.010346Z,665,NOCODE,298,35,Male,Black,United States,United States,United States,English,No,Full-Time
63873f7907548dd45a08cdc7,6108ae6c74dd26aba7b1a058,APPROVED,2022-11-30T11:33:18.142000Z,2022-11-30T11:36:14.722000Z,2022-12-01T08:04:25.765000,2022-11-30T11:36:15.298642Z,177,NOCODE,546,45,Female,Other,United States,United States,United States,English,No,Full-Time
63874080f95ff4d04fd56388,59b1086bf235c20001a1a49d,APPROVED,2022-11-30T11:37:41.619000Z,2022-11-30T11:39:08.466000Z,2022-12-01T08:04:27.175000,2022-11-30T11:39:08.843630Z,87,NOCODE,1029,45,Female,White,United States,United States,United States,English,DATA_EXPIRED,Full-Time
63874206ec6fdac41c0da70b,5b0482fc325b6c0001bbb7f0,APPROVED,2022-11-30T11:44:09.750000Z,2022-11-30T11:46:10.802000Z,2022-12-01T08:04:29.094000,2022-11-30T11:46:11.152674Z,122,NOCODE,2969,31,Female,White,United States,United States,United States,English,No,Full-Time
638744be1b5594fc5cf4c0aa,5fc30c35704ddd267cc9123f,APPROVED,2022-11-30T11:55:45.624000Z,2022-11-30T11:58:07.046000Z,2022-12-01T08:04:30.471000,2022-11-30T11:58:07.383587Z,142,5fc30c35704ddd267cc9123f,1692,35,Female,White,United States,United States,United States,English,No,Full-Time
63874538200f4062ee4cab05,5deaac8dff7f711d9032fa94,APPROVED,2022-11-30T11:57:50.015000Z,2022-11-30T12:00:07.189000Z,2022-12-01T08:04:32.325000,2022-11-30T12:00:07.635598Z,138,NOCODE,3609,31,Female,White,United States,United States,United States,English,No,Full-Time
638745637ea0331cdd4e938d,6152be1021c9ab590015a3e3,APPROVED,2022-11-30T11:58:30.581000Z,2022-11-30T12:00:10.135000Z,2022-12-01T08:04:34.227000,2022-11-30T12:00:10.611977Z,100,NOCODE,2339,32,Female,White,United States,United States,United States,English,No,Full-Time
6387459686e780202c9d96e0,5ecaf0fa5c1f7f6599d959ff,APPROVED,2022-11-30T11:59:21.635000Z,2022-11-30T12:01:14.400000Z,2022-12-01T08:04:35.591000,2022-11-30T12:01:14.759480Z,113,NOCODE,44,48,Male,White,United States,United States,United States,English,No,Full-Time
638745b139d1f58d839d973c,568899d9d7848e0005399c6b,APPROVED,2022-11-30T11:59:48.828000Z,2022-11-30T12:01:34.892000Z,2022-12-01T08:04:36.994000,2022-11-30T12:01:35.285544Z,107,NOCODE,4551,DATA_EXPIRED,Male,White,United States,United States,United States,English,No,Full-Time
638746409e9682445febaf04,62aa0d284ca4afc50b51e09f,APPROVED,2022-11-30T12:02:15.873000Z,2022-11-30T12:07:06.714000Z,2022-12-01T08:04:38.854000,2022-11-30T12:07:07.128952Z,291,NOCODE,666,48,Male,White,DATA_EXPIRED,United States,United States,English,DATA_EXPIRED,Full-Time
638746546436b2e82eab81de,5d3f49162a40650001a3e6ad,APPROVED,2022-11-30T12:02:30.630000Z,2022-11-30T12:04:26.590000Z,2022-12-01T08:04:40.372000,2022-11-30T12:04:26.983828Z,116,NOCODE,537,33,Female,White,United States,United States,United States,English,No,Full-Time
63874764e7a63d996af0caea,5db72ba3ae256f000d56c96b,APPROVED,2022-11-30T12:07:06.282000Z,2022-11-30T12:11:03.972000Z,2022-12-01T08:04:44.933000,2022-11-30T12:11:04.370374Z,238,NOCODE,692,32,Male,White,United States,United States,United States,English,Yes,Full-Time
63874767ff1a640fecbeca59,62edc8f42f42e3293098a296,APPROVED,2022-11-30T12:07:06.096000Z,2022-11-30T12:08:24.727000Z,2022-12-01T08:04:43.514000,2022-11-30T12:08:25.144600Z,79,NOCODE,352,25,Male,Asian,South Africa,United States,United States,English,No,Full-Time
638747864fa7afa4660da6e3,5b86dea0600e3a000194c372,APPROVED,2022-11-30T12:07:37.177000Z,2022-11-30T12:09:10.453000Z,2022-12-01T08:04:46.092000,2022-11-30T12:09:10.825982Z,94,NOCODE,116,25,Male,White,United States,United States,United States,English,No,Full-Time
6387478bea94b80e9052852f,62bd685ac3edc9ad0d77812b,APPROVED,2022-11-30T12:07:48.258000Z,2022-11-30T12:12:02.586000Z,2022-12-01T08:04:47.927000,2022-11-30T12:12:02.969724Z,255,NOCODE,560,34,Male,Black,DATA_EXPIRED,United States,United States,English,No,Full-Time
6387486373854547e7ecd523,5ec12ad1759b78000a4f9965,APPROVED,2022-11-30T12:11:19.861000Z,2022-11-30T12:15:18.909000Z,2022-12-01T08:04:49.267000,2022-11-30T12:15:19.327533Z,240,NOCODE,1827,43,Male,White,United States,United States,United States,English,DATA_EXPIRED,Full-Time
6387486ef47321286d8d4eeb,614ea93d581d6f4281e9d232,APPROVED,2022-11-30T12:11:30.962000Z,2022-11-30T12:14:13.547000Z,2022-12-01T08:04:50.744000,2022-11-30T12:14:13.916937Z,163,NOCODE,777,38,Female,White,United States,United States,United States,English,No,Full-Time
638748f9cfc582f74679dcfb,5f48e9e36d9c7b3b69c5ed4f,APPROVED,2022-11-30T12:13:47.879000Z,2022-11-30T12:15:40.488000Z,2022-12-01T08:04:52.047000,2022-11-30T12:15:40.795100Z,113,NOCODE,3456,38,Male,White,United States,United States,United States,English,No,Full-Time
6387491128bb907d627c10db,5ba3d4590e41db0001786ca1,APPROVED,2022-11-30T12:14:12.396000Z,2022-11-30T12:15:31.388000Z,2022-12-01T08:04:53.951000,2022-11-30T12:15:31.830167Z,79,NOCODE,2295,39,Female,White,United States,United States,United States,English,No,Full-Time
6387493737b20327edd13aae,57527f5f0811ad0006f37c29,APPROVED,2022-11-30T12:14:49.939000Z,2022-11-30T12:16:52.841000Z,2022-12-01T08:04:55.463000,2022-11-30T12:16:53.211625Z,123,NOCODE,823,32,Male,White,United States,United States,United States,English,No,Full-Time
63874937b70c27816df4c0d2,611feee3fbf3a45d9af39eeb,APPROVED,2022-11-30T12:14:58.060000Z,2022-11-30T12:18:35.151000Z,2022-12-01T08:04:57.247000,2022-11-30T12:18:35.582567Z,218,NOCODE,1284,29,Male,Black,United States,United States,United States,English,No,Full-Time
63874969e77be71419264a30,63653f3c9312ee57242d05a8,APPROVED,2022-11-30T12:15:40.233000Z,2022-11-30T12:17:31.413000Z,2022-12-01T08:04:58.455000,2022-11-30T12:17:33.086055Z,112,NOCODE,39,39,Female,White,DATA_EXPIRED,United States,United States,English,DATA_EXPIRED,Full-Time
6387496db53cafc297b6bb80,60feb3e418c43afa1521859f,APPROVED,2022-11-30T12:15:45.170000Z,2022-11-30T12:18:30.410000Z,2022-12-01T08:05:00.540000,2022-11-30T12:18:30.765730Z,166,NOCODE,882,33,Female,White,United States,United States,United States,English,No,Full-Time
63874980e0c29f77b44e9383,60b8198defba8da1d95a93b8,APPROVED,2022-11-30T12:16:04.323000Z,2022-11-30T12:17:30.848000Z,2022-12-01T08:05:02.044000,2022-11-30T12:17:31.440134Z,87,NOCODE,2766,33,Male,White,United States,United States,United States,English,No,Full-Time
638749824f448ea0aad13ad6,5ea77b0161f86b151f475c8f,APPROVED,2022-11-30T12:16:05.931000Z,2022-11-30T12:17:51.686000Z,2022-12-01T08:05:03.811000,2022-11-30T12:17:52.048223Z,106,NOCODE,2999,35,Male,White,United States,United States,United States,English,No,Full-Time
63874990418d2eac410519bc,607435d7bb7c719940df00db,APPROVED,2022-11-30T12:16:20.529000Z,2022-11-30T12:18:01.165000Z,2022-12-01T08:05:06.896000,2022-11-30T12:18:01.566569Z,101,NOCODE,1443,37,Male,White,United States,United States,United States,English,No,Full-Time
63874996755ee15633d56378,5c2d187569ceff00011417de,APPROVED,2022-11-30T12:16:26.894000Z,2022-11-30T12:19:12.984000Z,2022-12-01T08:05:08.248000,2022-11-30T12:19:13.346238Z,167,NOCODE,3203,36,Female,White,United States,United States,United States,English,No,Full-Time
63874998c653a0905fdc2a75,62c55b19972274a6876f7627,APPROVED,2022-11-30T12:16:26.940000Z,2022-11-30T12:17:59.726000Z,2022-12-01T08:05:09.466000,2022-11-30T12:18:00.152562Z,93,NOCODE,899,30,Male,White,United States,United States,United States,English,No,Full-Time
638749b0d2ed96c63715d13e,5e27868c5cbbcc0b3599574b,APPROVED,2022-11-30T12:16:51.603000Z,2022-11-30T12:25:22.755000Z,2022-12-01T08:06:14.969000,2022-11-30T12:25:24.151261Z,512,NOCODE,3881,31,Male,White,United States,United States,United States,English,No,Full-Time
63874a1977c46a1096c227e4,5d163b2c601cd7000172713c,APPROVED,2022-11-30T12:18:35.920000Z,2022-11-30T12:20:03.930000Z,2022-12-01T08:06:15.834000,2022-11-30T12:20:04.270170Z,89,NOCODE,1413,29,Male,White,United States,United States,United States,English,No,Full-Time
63874a37dfd581a519d56349,5d3c660793eb2d00017880db,APPROVED,2022-11-30T12:19:06.817000Z,2022-11-30T12:20:04.381000Z,2022-12-01T08:06:17.923000,2022-11-30T12:20:04.806597Z,58,NOCODE,1774,26,Female,White,United States,United States,United States,English,No,Full-Time
63874a70ab48062820dc2a67,5dedb806838b4f46c8d183a5,APPROVED,2022-11-30T12:20:04.347000Z,2022-11-30T12:21:40.527000Z,2022-12-01T08:06:19.732000,2022-11-30T12:21:40.982229Z,97,NOCODE,3383,42,Male,White,United States,United States,United States,English,No,Full-Time
63874a8305c7deafb7db623f,5f0c7ea47cf1495f4587f741,APPROVED,2022-11-30T12:20:22.163000Z,2022-11-30T12:22:57.988000Z,2022-12-01T08:06:20.733000,2022-11-30T12:22:58.393596Z,156,NOCODE,3318,46,Female,White,United States,United States,United States,English,No,Full-Time
63874a8dfe28a8635c4caabe,6293930a73a8649bd00fc052,APPROVED,2022-11-30T12:20:33.806000Z,2022-11-30T12:23:16.283000Z,2022-12-01T08:06:21.625000,2022-11-30T12:23:16.672739Z,163,NOCODE,671,41,Male,White,United States,United States,United States,English,No,Full-Time
63874aa812e9142d6a9f200a,5755a4c33c680b00095db408,APPROVED,2022-11-30T12:20:59.549000Z,2022-11-30T12:23:20.408000Z,2022-12-01T08:06:22.513000,2022-11-30T12:23:20.764392Z,141,NOCODE,2923,40,Male,White,United States,United States,United States,Korean,DATA_EXPIRED,Full-Time
63874aed9c480b2b404caae5,60e5eceb989f38c746723024,APPROVED,2022-11-30T12:22:09.511000Z,2022-11-30T12:25:22.137000Z,2022-12-01T08:06:23.755000,2022-11-30T12:25:22.473122Z,193,NOCODE,2445,41,Male,White,United States,United States,United States,English,No,Full-Time
63874b1eac2ac416189d96e7,5edceace34669404354ab615,APPROVED,2022-11-30T12:22:58.752000Z,2022-11-30T12:25:47.751000Z,2022-12-01T08:06:24.884000,2022-11-30T12:25:48.091496Z,169,NOCODE,2604,47,Female,Mixed,United States,United States,United States,English,No,Full-Time
63874b25e77be71419264a77,5da94705e3c5970011b6a8a7,APPROVED,2022-11-30T12:23:04.888000Z,2022-11-30T12:25:50.531000Z,2022-12-01T08:06:25.776000,2022-11-30T12:25:51.132451Z,166,NOCODE,2869,38,Female,Asian,Philippines,United States,United States,Tagalog-Filipino,Yes,Full-Time
63874b28af41e712307c10d2,5d4cdd05421a460018d005e0,APPROVED,2022-11-30T12:23:14.147000Z,2022-11-30T12:27:42.054000Z,2022-12-01T08:06:28.991000,2022-11-30T12:27:42.547509Z,268,NOCODE,1316,35,Female,White,United States,United States,United States,English,No,Full-Time
63874b29d428134a83b33d8b,5dd3eaabfef7c23d3f95d252,APPROVED,2022-11-30T12:23:10.603000Z,2022-11-30T12:25:24.473000Z,2022-12-01T08:06:27.618000,2022-11-30T12:25:24.838728Z,134,NOCODE,3574,50,Male,White,United States,United States,United States,English,No,Full-Time
63874b585d0cf9e2980da6c1,5c1b9212bfd9220001a9ada0,APPROVED,2022-11-30T12:23:55.072000Z,2022-11-30T12:26:02.084000Z,2022-12-01T08:06:30.725000,2022-11-30T12:26:04.591203Z,128,NOCODE,1848,31,Male,White,United States,United States,United States,English,No,Full-Time
63874b7cb277a93ec9264a56,5ffff7aa45970b17de5b8d35,APPROVED,2022-11-30T12:24:31.655000Z,2022-11-30T12:48:51.298000Z,2022-12-01T08:06:32.014000,2022-11-30T12:48:51.674935Z,1460,NOCODE,168,32,Male,Mixed,United States,United States,United States,English,Yes,Full-Time
63874b816e39fae1b4264a5f,6315607baee030a31add81dc,APPROVED,2022-11-30T12:24:37.602000Z,2022-11-30T12:27:20.587000Z,2022-12-01T08:06:32.896000,2022-11-30T12:27:20.955692Z,163,NOCODE,381,39,Male,Asian,United States,United States,United States,English,No,Full-Time
63874be15ce7fa9706d13a94,5d548912e1c7130018e019dc,APPROVED,2022-11-30T12:26:12.704000Z,2022-11-30T12:28:58.934000Z,2022-12-01T08:06:34.224000,2022-11-30T12:28:59.356740Z,167,NOCODE,4213,39,Male,White,United States,United States,United States,English,No,Full-Time
63874bf6e337ff80a0283e30,63325452c618e62ec0171a6a,APPROVED,2022-11-30T12:26:38.426000Z,2022-11-30T12:28:21.342000Z,2022-12-01T08:06:35.970000,2022-11-30T12:28:21.691584Z,103,NOCODE,206,30,Male,Black,DATA_EXPIRED,United States,United States,English,DATA_EXPIRED,Full-Time
63874c0a2ddc463600b33dbd,62bb13844f833119cc98e55b,APPROVED,2022-11-30T12:26:56.430000Z,2022-11-30T12:29:08.476000Z,2022-12-01T08:06:36.944000,2022-11-30T12:29:08.872261Z,133,NOCODE,203,36,Female,White,United States,United States,United States,English,No,Full-Time
63874c1fe5f847bd8a8d4e7a,631268bba8ce3ebe5a415c15,APPROVED,2022-11-30T12:27:16.728000Z,2022-11-30T12:28:35.709000Z,2022-12-01T08:06:39.652000,2022-11-30T12:28:36.238518Z,79,NOCODE,559,33,Female,White,United States,United States,United States,English,No,Full-Time
63874c1fe5f847bd8a8d4e7b,62b1e4dfa33a3d444584c8b3,APPROVED,2022-11-30T12:27:16.528000Z,2022-11-30T12:28:59.346000Z,2022-12-01T08:06:38.078000,2022-11-30T12:28:59.673886Z,103,NOCODE,850,34,Male,White,United States,United States,United States,English,No,Full-Time
63874c2b43800dc0a436c13d,603e370c5ed1c2db2c3bde24,APPROVED,2022-11-30T12:27:24.906000Z,2022-11-30T12:33:40.366000Z,2022-12-01T08:06:40.652000,2022-11-30T12:33:40.720254Z,376,NOCODE,2841,36,Male,White,United States,United States,United States,English,Yes,Full-Time
63874c30bb0855bd8515d177,5ba85b52ce805400013f3955,APPROVED,2022-11-30T12:27:30.300000Z,2022-11-30T12:28:45.389000Z,2022-12-01T08:06:41.936000,2022-11-30T12:28:45.824516Z,76,NOCODE,1575,33,Male,Mixed,United States,United States,United States,English,No,Full-Time
63874c4fc2ef87491b1c9ffd,60ebcdf8d320d7bec973d0f3,APPROVED,2022-11-30T12:28:07.465000Z,2022-11-30T12:32:45.157000Z,2022-12-01T08:06:44.352000,2022-11-30T12:32:45.631350Z,278,NOCODE,276,46,Female,White,United States,United States,United States,English,No,Full-Time
63874c83153387d9f58d4e90,63616a3d20e732e0b5619d97,APPROVED,2022-11-30T12:28:53.851000Z,2022-11-30T12:30:57.439000Z,2022-12-01T08:06:45.630000,2022-11-30T12:30:57.882437Z,124,NOCODE,158,32,Male,Other,United States,United States,United States,English,No,Full-Time
63874c9de41e79a97c79dcfe,5c0765e10ea1410001a9dc5f,APPROVED,2022-11-30T12:29:20.262000Z,2022-11-30T12:33:08.267000Z,2022-12-01T08:06:46.772000,2022-11-30T12:33:08.655347Z,229,NOCODE,1406,42,Male,White,United States,United States,United States,English,No,Full-Time
63874c9ee41e79a97c79dcff,608eb34a99535669096e0655,APPROVED,2022-11-30T12:29:21.910000Z,2022-11-30T12:31:08.879000Z,2022-12-01T08:06:47.738000,2022-11-30T12:31:09.244122Z,107,NOCODE,1094,28,Male,Asian,United States,United States,United States,Tagalog-Filipino,No,Full-Time
63874cd3292b6a4ab8a0d045,60c2d24ec38313ef7ac18471,APPROVED,2022-11-30T12:30:14.910000Z,2022-11-30T12:32:39.720000Z,2022-12-01T08:06:48.698000,2022-11-30T12:32:40.069594Z,145,NOCODE,424,49,Female,White,United States,United States,United States,English,No,Full-Time
63874ce31359c2ac96d56346,633ad9d63b298a0cb0fd0b05,APPROVED,2022-11-30T12:30:27.067000Z,2022-11-30T12:32:10.974000Z,2022-12-01T08:06:52.183000,2022-11-30T12:32:11.396540Z,104,NOCODE,462,33,Male,White,United States,United States,United States,English,No,Full-Time
63874d3186a63ee888ec72b1,6234c08d8ca96438af2c7f44,APPROVED,2022-11-30T12:31:52.196000Z,2022-11-30T12:34:13.723000Z,2022-12-01T08:06:53.208000,2022-11-30T12:34:14.099992Z,142,NOCODE,1776,50,Female,White,United States,United States,United States,English,No,Full-Time
63874d335d0cf9e2980da6ff,5f2042752276432e3a7ef104,APPROVED,2022-11-30T12:31:53.026000Z,2022-11-30T12:35:32.508000Z,2022-12-01T08:06:54.547000,2022-11-30T12:35:33.669047Z,220,NOCODE,2761,41,Female,White,United States,United States,United States,English,No,Full-Time
63874d384c7992d9cfa0cfbb,633387ee78120fb230f7511a,APPROVED,2022-11-30T12:31:57.148000Z,2022-11-30T12:33:45.823000Z,2022-12-01T08:06:57.178000,2022-11-30T12:33:46.199228Z,109,NOCODE,151,49,Male,White,United States,United States,United States,English,No,Full-Time
63874d3c95ddae204e0ff0d9,615c777509f34c8977bc45a7,APPROVED,2022-11-30T12:32:00.902000Z,2022-11-30T12:34:50.814000Z,2022-12-01T08:06:58.104000,2022-11-30T12:34:52.189591Z,170,NOCODE,2797,33,Male,White,United States,United States,United States,English,No,Full-Time
63874d49669c2f8f1e4e93c6,5e48122927eb23000af799c7,APPROVED,2022-11-30T12:32:12.851000Z,2022-11-30T12:34:06.441000Z,2022-12-01T08:06:59.233000,2022-11-30T12:34:06.793763Z,114,NOCODE,2519,45,Female,White,United States,United States,United States,English,No,Full-Time
63874d6cd4f5dde207dedd2a,5c51bcaeb7449200013a8517,APPROVED,2022-11-30T12:32:50.039000Z,2022-11-30T12:38:05.118000Z,2022-12-01T08:07:00.085000,2022-11-30T12:38:05.499899Z,316,NOCODE,3386,36,Male,White,United States,United States,United States,English,No,Full-Time
63874d8d6cdacbf4ff5285b1,629e1dcac03690dc02e2859c,APPROVED,2022-11-30T12:33:21.021000Z,2022-11-30T12:35:26.472000Z,2022-12-01T08:07:01.997000,2022-11-30T12:35:26.835578Z,126,NOCODE,1037,29,Male,White,United States,United States,United States,English,No,Full-Time
63874d8df3c9aef79b7c10d1,604d8f415e948938fd60b536,APPROVED,2022-11-30T12:33:22.294000Z,2022-11-30T12:41:10.452000Z,2022-12-01T08:07:04.527000,2022-11-30T12:41:10.868312Z,469,https://tilburgss.co1.qualtrics.com/jfe/form/SV_9M201h7X49VB45E?PROLIFIC_PID=604d8f415e948938fd60b536&amp;STUDY_ID=6386fdf77033bbd97346a9b7&amp;SESSION_ID=63874d8df3c9aef79b7c10d1,2227,42,Female,White,United States,United States,United States,English,No,Full-Time
63874da49f9590a76b283e28,5e6e5a9ff830814045057066,APPROVED,2022-11-30T12:33:43.458000Z,2022-11-30T12:34:55.903000Z,2022-12-02T10:47:03.854000,2022-11-30T12:34:56.270216Z,73,NOCODE,627,42,Female,White,United States,United States,United States,English,No,Full-Time
63874da62ef760ab6bdc2a62,60fdd0b4f6dd3ba555f0f9db,APPROVED,2022-11-30T12:33:45.005000Z,2022-11-30T12:35:10.021000Z,2022-12-02T10:47:12.816000,2022-11-30T12:35:10.387250Z,86,NOCODE,1217,35,Female,White,United States,United States,United States,English,DATA_EXPIRED,Full-Time
63874de7beb97b8045ab81e6,5de84ccaeddfc97c4eed1f5d,APPROVED,2022-11-30T12:34:52.660000Z,2022-11-30T12:37:09.329000Z,2022-12-02T10:47:05.706000,2022-11-30T12:37:09.779279Z,137,NOCODE,2117,34,Male,White,United States,United States,United States,English,No,Full-Time
63874deda1501f10bdd31822,60d099f849987e86824eedcd,APPROVED,2022-11-30T12:34:55.497000Z,2022-11-30T12:36:24.985000Z,2022-12-02T10:47:13.340000,2022-11-30T12:36:25.349520Z,90,NOCODE,1094,32,Female,White,United States,United States,United States,English,No,Full-Time
63874df1edf96b7f94d5639c,614e0f70c4f1690a32f4b1a4,APPROVED,2022-11-30T12:35:01.640000Z,2022-11-30T12:38:56.467000Z,2022-12-02T10:47:07.208000,2022-11-30T12:38:56.924861Z,235,NOCODE,2279,38,Male,White,United States,United States,United States,English,No,Full-Time
63874df56d7bc111204e93db,6297567582d2ed2d88ae0450,APPROVED,2022-11-30T12:35:05.456000Z,2022-11-30T12:36:44.721000Z,2022-12-05T14:00:45.230000,2022-11-30T12:36:45.129880Z,100,NOCODE,748,33,Male,White,United States,United States,United States,English,No,Full-Time
63874dfc627ab11df80519f3,59298c0b0b19ce0001202f22,APPROVED,2022-11-30T12:35:10.740000Z,2022-11-30T12:37:30.272000Z,2022-12-02T10:47:08.335000,2022-11-30T12:37:30.677529Z,140,NOCODE,493,41,Male,White,United States,United States,United States,English,No,Full-Time
63874e0678507de8a64caaee,5fd5b5a8c19e0c41af96b96e,APPROVED,2022-11-30T12:35:21.676000Z,2022-11-30T12:37:59.928000Z,2022-11-30T15:02:07.917000,2022-11-30T12:38:00.275163Z,159,NOCODE,1129,29,Female,White,United States,United States,United States,English,No,Full-Time
63874e0e7cf32c9bc1d33307,5acb7b0ae1099600016acdd6,APPROVED,2022-11-30T12:35:37.993000Z,2022-11-30T12:38:03.771000Z,2022-12-02T10:47:14.363000,2022-11-30T12:38:04.211083Z,146,NOCODE,3435,45,Male,White,United States,United States,United States,English,No,Full-Time
63874e0ec063c4a028ebaf49,5a2111b5bf56cc000176feb5,APPROVED,2022-11-30T12:35:29.127000Z,2022-11-30T12:37:18.570000Z,2022-12-02T10:47:08.695000,2022-11-30T12:37:19.010282Z,110,NOCODE,2364,38,Female,Black,United States,United States,United States,Dutch,No,Full-Time
63874e19fa5cc9da274e93ba,55ddb84550a1f7000b90d65a,APPROVED,2022-11-30T12:35:39.841000Z,2022-11-30T12:39:13.592000Z,2022-12-02T10:47:09.413000,2022-11-30T12:39:13.989134Z,214,thank you page no code,3802,49,Female,White,United States,United States,United States,English,No,Full-Time
63874e1e09b59522ce529882,628f76b86068bc13224921ce,APPROVED,2022-11-30T12:35:46.319000Z,2022-11-30T12:37:40.372000Z,2022-12-05T14:00:46.621000,2022-11-30T12:37:40.777018Z,115,NOCODE,1218,32,Male,White,United States,United States,United States,English,No,Full-Time
63874e31d428134a83b33df3,62e2428927698b2ff7b69cfc,APPROVED,2022-11-30T12:36:09.685000Z,2022-11-30T12:37:26.222000Z,2022-12-02T10:47:11.474000,2022-11-30T12:37:26.636435Z,77,NOCODE,669,29,Male,Asian,DATA_EXPIRED,United States,United States,English,DATA_EXPIRED,Full-Time
63874e45a07fdb8fdaf4c0f1,5d849ee0a954540019f513dd,APPROVED,2022-11-30T12:36:24.370000Z,2022-11-30T12:40:39.694000Z,2022-12-02T10:47:15.044000,2022-11-30T12:40:40.149128Z,256,NOCODE,2847,33,Female,White,United States,United States,United States,English,DATA_EXPIRED,Full-Time
63874e56115f6b24a9a0d015,59bce3080ac77f0001f056de,APPROVED,2022-11-30T12:36:40.940000Z,2022-11-30T12:39:51.313000Z,2022-12-05T14:00:47.661000,2022-11-30T12:39:51.677581Z,191,NOCODE,2419,37,Male,White,United States,United States,United States,English,No,Full-Time
63874e94dd7808ab73ab824f,5dcefcd0307b8d05031d7264,APPROVED,2022-11-30T12:37:48.328000Z,2022-11-30T12:43:14.338000Z,2022-12-05T14:00:49.543000,2022-11-30T12:43:14.704691Z,327,NOCODE,4589,31,Male,White,United States,United States,United States,English,No,Full-Time
63874eb009b59522ce52989f,558ffe16fdf99b3f7aada34d,APPROVED,2022-11-30T12:39:12.859000Z,2022-11-30T12:44:58.802000Z,2022-12-05T14:00:54.491000,2022-11-30T12:44:59.169655Z,346,NOCODE,2004,35,Female,White,United States,United States,United States,English,No,Full-Time
63874eb4a8ce343035f4c0cd,5c8541b79c5a3000016b2597,APPROVED,2022-11-30T12:38:14.999000Z,2022-11-30T12:39:59.336000Z,2022-12-02T10:47:15.511000,2022-11-30T12:39:59.760575Z,105,NOCODE,3102,49,Male,White,Germany,United States,United States,English,No,Full-Time
63874ec91a1cdae0188d4e6e,5ddd7db419eecbce5c2dbc6f,APPROVED,2022-11-30T12:38:36.098000Z,2022-11-30T12:42:18.063000Z,2022-12-05T14:00:51.110000,2022-11-30T12:42:18.475977Z,222,NOCODE,1614,34,Female,Black,United States,United States,United States,English,No,Full-Time
63874ee1e103a29fe60ff0a8,5cb489ff0cd1ed0017465d19,APPROVED,2022-11-30T12:39:02.677000Z,2022-11-30T12:40:55.588000Z,2022-12-05T14:00:53.408000,2022-11-30T12:40:55.932520Z,113,NOCODE,3126,33,Male,White,United States,United States,United States,English,No,Full-Time
63874ef456377b11e308ce1b,6151c93f62e26ed6871a5fbd,APPROVED,2022-11-30T12:39:19.807000Z,2022-11-30T12:41:40.706000Z,2022-12-02T10:47:16.414000,2022-11-30T12:41:41.266454Z,141,NOCODE,2707,50,Male,White,United States,United States,United States,English,No,Full-Time
63874f101359c2ac96d56382,62fcd9d412c2f366e0df8de0,APPROVED,2022-11-30T12:39:47.786000Z,2022-11-30T12:41:45.934000Z,2022-12-02T10:47:17.061000,2022-11-30T12:41:46.349641Z,119,NOCODE,601,50,Male,White,United States,United States,United States,English,No,Full-Time
63874f12cfeb35a989264a42,5c3dfadfef1d0d0001b2870e,APPROVED,2022-11-30T12:39:48.387000Z,2022-11-30T12:41:56.839000Z,2022-12-05T14:00:56.083000,2022-11-30T12:41:57.217387Z,129,NOCODE,583,30,Female,White,United States,United States,United States,English,No,Full-Time
63874f15f41fba7423d13a78,5d8aa37c393d840015bbe0f2,APPROVED,2022-11-30T12:39:52.252000Z,2022-11-30T12:42:30.696000Z,2022-12-05T14:00:56.946000,2022-11-30T12:42:31.247322Z,159,NOCODE,838,26,Female,Asian,Guyana,United States,United States,English,Yes,Full-Time
63874f28d022dbae7136c12a,614fbb4467c4c74f573a94d3,APPROVED,2022-11-30T12:40:12.527000Z,2022-11-30T12:41:53.405000Z,2022-12-05T14:00:57.725000,2022-11-30T12:41:53.854417Z,101,NOCODE,2843,39,Male,White,United States,United States,United States,English,No,Full-Time
63874f3be103a29fe60ff0af,63174aac444214bf1829098d,APPROVED,2022-11-30T12:40:30.663000Z,2022-11-30T12:43:20.564000Z,2022-12-02T10:47:20.926000,2022-11-30T12:43:21.064934Z,170,NOCODE,67,43,Female,White,United States,United States,United States,English,No,Full-Time
63874f440887f85bbad33378,5e6d8c46f93a0c35d1f82335,APPROVED,2022-11-30T12:40:45.423000Z,2022-11-30T12:44:21.075000Z,2022-12-02T10:47:21.539000,2022-11-30T12:44:21.447233Z,216,NOCODE,526,42,Male,White,United States,United States,United States,English,No,Full-Time
63874f4da52b9a8a79a0cff3,5eceed79840590300f53fa51,APPROVED,2022-11-30T12:40:52.537000Z,2022-11-30T12:44:40.586000Z,2022-12-05T14:00:58.444000,2022-11-30T12:44:41.194190Z,229,NOCODE,2786,28,Male,White,United States,United States,United States,English,No,Full-Time
63874f57ec0230f99bec72d6,5d9c67b131544d00101daef1,APPROVED,2022-11-30T12:41:00.044000Z,2022-11-30T12:42:33.455000Z,2022-12-02T10:47:22.136000,2022-11-30T12:42:33.786725Z,94,NOCODE,3566,34,Female,White,United States,United States,United States,English,Yes,Full-Time
63874f5a24e96d1e0fdedd2f,5dd32178c5fa30341133264e,APPROVED,2022-11-30T12:41:01.816000Z,2022-11-30T12:43:40.867000Z,2022-12-05T14:00:59.776000,2022-11-30T12:43:41.322033Z,160,NOCODE,2940,35,Female,Black,United States,United States,United States,English,No,Full-Time
63874f60d446c8c562b33d86,5fc70104446bb4123cfc7328,APPROVED,2022-11-30T12:41:06.560000Z,2022-11-30T12:44:13.665000Z,2022-12-05T14:01:01.451000,2022-11-30T12:44:14.128864Z,188,NOCODE,442,33,Female,Asian,United States,United States,United States,Laotian,No,Full-Time
63874f7208f4906b027c1143,5be1ac50ca095c0001b9f717,APPROVED,2022-11-30T12:41:26.293000Z,2022-11-30T12:43:44.764000Z,2022-12-05T14:01:02.542000,2022-11-30T12:43:45.174573Z,139,NOCODE,5341,47,Male,White,United States,United States,United States,English,No,Full-Time
63874f79d9d702a48bc2280d,630d2ae8675355d798b7474a,APPROVED,2022-11-30T12:41:32.309000Z,2022-11-30T12:45:58.311000Z,2022-12-02T10:47:23.551000,2022-11-30T12:45:58.717624Z,267,NOCODE,586,33,Male,White,United States,United States,United States,English,No,Full-Time
63874f7b5463050d77528583,60fcd2e26a72c518d0b60738,APPROVED,2022-11-30T12:41:33.639000Z,2022-11-30T12:43:31.800000Z,2022-12-02T10:47:25.085000,2022-11-30T12:43:32.464224Z,119,NOCODE,1988,46,Female,White,United States,United States,United States,English,No,Full-Time
63874f86791f226c29c2282c,6267c3d17f88988d0d787c7f,APPROVED,2022-11-30T12:41:45.662000Z,2022-11-30T12:47:28.045000Z,2022-12-05T14:01:04.013000,2022-11-30T12:47:28.390594Z,343,NOCODE,1232,50,Male,Asian,Philippines,United States,United States,Tagalog-Filipino,No,Full-Time
63874f89dad2e1fdc0264a72,5c1053202b16ba0001c86317,APPROVED,2022-11-30T12:41:47.139000Z,2022-11-30T12:47:14.091000Z,2022-12-05T14:01:06.069000,2022-11-30T12:47:14.514830Z,327,NOCODE,2879,37,Male,Black,United States,United States,United States,English,No,Full-Time
63874f8e2480682918283e2e,5fa7e86cbc1fcb592aa1ea7b,APPROVED,2022-11-30T12:41:53.595000Z,2022-11-30T12:43:46.606000Z,2022-12-05T14:01:07.203000,2022-11-30T12:43:47.042585Z,114,NOCODE,2333,42,Female,Other,Ukraine,United States,United States,Russian,No,Full-Time
63874fb3d931453f44529892,6338c2127eed17193a7a4d32,APPROVED,2022-11-30T12:42:31.031000Z,2022-11-30T12:44:35.873000Z,2022-12-02T10:47:25.793000,2022-11-30T12:44:36.303792Z,125,NOCODE,178,35,Male,White,United States,United States,United States,English,Yes,Full-Time
63874fb7ec0230f99bec72ea,631f9f50e32a53a43badde1e,APPROVED,2022-11-30T12:42:34.255000Z,2022-11-30T12:43:28.812000Z,2022-12-05T14:01:11.503000,2022-11-30T12:43:29.233056Z,55,NOCODE,516,48,Male,White,United States,United States,United States,English,No,Full-Time
63874fb8d7e7d347b98d4e9a,62c7675f57c59d78336f7386,APPROVED,2022-11-30T12:42:35.048000Z,2022-11-30T12:43:51.399000Z,2022-12-02T10:47:26.207000,2022-11-30T12:43:51.755158Z,77,NOCODE,889,31,Male,White,United States,United States,United States,English,No,Full-Time
63874fc23ba2ae04db79dd0b,5eaf1a2c649fd108284c2b5f,APPROVED,2022-11-30T12:42:42.333000Z,2022-11-30T12:44:52.474000Z,2022-12-02T10:47:27.154000,2022-11-30T12:44:52.862389Z,131,NOCODE,3906,47,Female,White,United States,United States,United States,English,No,Full-Time
63874fc27cf32c9bc1d33340,62d30ca754a619a199a37eb5,APPROVED,2022-11-30T12:42:45.513000Z,2022-11-30T12:45:28.146000Z,2022-12-05T14:01:12.932000,2022-11-30T12:45:28.479105Z,163,NOCODE,277,35,Male,Asian,United States,United States,United States,English,No,Full-Time
63875005977a60deaaf0cb35,6290fa859d6b1f2d502a5efd,APPROVED,2022-11-30T12:43:55.286000Z,2022-11-30T12:45:35.898000Z,2022-12-05T14:01:24.018000,2022-11-30T12:45:36.456723Z,101,NOCODE,1539,38,Male,White,United States,United States,United States,English,No,Full-Time
63875042bc90dc8bca9d9725,6155e95c0808b015514b34e0,APPROVED,2022-11-30T12:44:54.112000Z,2022-11-30T12:46:25.080000Z,2022-12-02T10:47:28.599000,2022-11-30T12:46:25.454864Z,91,NOCODE,1150,29,Female,White,United States,United States,United States,English,No,Full-Time
638750556f3805c16552987f,636acaf0ab9c76f449b54f2b,APPROVED,2022-11-30T12:45:21.936000Z,2022-11-30T12:55:31.506000Z,2022-12-05T14:01:14.017000,2022-11-30T12:55:31.872576Z,610,NOCODE,40,42,Male,Black,DATA_EXPIRED,United States,United States,English,DATA_EXPIRED,Full-Time
638750657f5b06f31c1ca024,636148b5197092753b0a5f20,APPROVED,2022-11-30T12:45:29.514000Z,2022-11-30T12:47:58.502000Z,2022-12-05T14:01:25.103000,2022-11-30T12:47:58.935267Z,149,NOCODE,213,34,Male,Asian,China,United States,United States,Chinese,No,Full-Time
6387506fe78aae20a1a0d013,5f08891e392f740a659bbc7d,APPROVED,2022-11-30T12:45:39.697000Z,2022-11-30T12:47:57.349000Z,2022-12-05T14:01:28.368000,2022-11-30T12:47:57.697361Z,138,NOCODE,2217,39,Male,White,United States,United States,United States,English,No,Full-Time
638750896f3805c165529888,5f514a32f4577317da5da78f,APPROVED,2022-11-30T12:46:04.382000Z,2022-11-30T12:48:02.295000Z,2022-12-05T14:03:34.673000,2022-11-30T12:48:02.704629Z,118,NOCODE,2335,32,Male,White,United States,United States,United States,English,No,Full-Time
638750a7f92ede3fb3264a4c,5ba288c63fd80800016308c4,APPROVED,2022-11-30T12:46:31.545000Z,2022-11-30T12:48:53.957000Z,2022-12-05T14:01:40.114000,2022-11-30T12:48:54.296265Z,143,NOCODE,1720,29,Male,White,United States,United States,United States,English,No,Full-Time
638750acea050b5fa0d31841,629e5d789a6c92c8fbf8df95,APPROVED,2022-11-30T12:46:46.101000Z,2022-11-30T12:48:23.098000Z,2022-12-02T10:47:33.217000,2022-11-30T12:48:23.513716Z,97,NOCODE,647,25,Male,Black,DATA_EXPIRED,United States,United States,English,No,Full-Time
638750ced9d702a48bc2284d,6294c9a9c673efce2f6528dc,APPROVED,2022-11-30T12:47:13.639000Z,2022-11-30T12:49:59.339000Z,2022-12-02T10:47:32.656000,2022-11-30T12:49:59.734165Z,166,NOCODE,1008,44,Male,White,United States,United States,United States,English,No,Full-Time
638750d4545c9c03c8cfd057,606e3ddf19540080228e3a0c,APPROVED,2022-11-30T12:47:19.918000Z,2022-11-30T12:49:07.890000Z,2022-12-02T10:47:31.991000,2022-11-30T12:49:08.308642Z,108,NOCODE,2477,31,Female,White,United States,United States,United States,English,No,Full-Time
638750e4b1d0f57cc6f0caf5,5fcaa3f3d991a9748f8b9e1c,APPROVED,2022-11-30T12:47:37.050000Z,2022-11-30T12:49:56.809000Z,2022-12-02T10:47:31.496000,2022-11-30T12:49:57.194327Z,140,NOCODE,1722,48,Female,Black,United States,United States,United States,English,Yes,Full-Time
638750e5b6c72cc056f0cb5b,5fee4a12069e3b0c91f2531f,APPROVED,2022-11-30T12:47:37.121000Z,2022-11-30T12:49:48.979000Z,2022-12-05T14:01:39.658000,2022-11-30T12:49:49.781261Z,132,NOCODE,3397,41,Male,White,United States,United States,United States,English,No,Full-Time
638750fc7ad1195a66ecd58c,62ac97a08ab6bf8042c7cedf,APPROVED,2022-11-30T12:48:04.195000Z,2022-11-30T12:50:53.509000Z,2022-12-05T14:01:30.150000,2022-11-30T12:50:54.022453Z,170,NOCODE,865,32,Male,Other,United States,United States,United States,English,No,Full-Time
638750ff7ad1195a66ecd58d,5dfa56fddc265f7ac3bee209,APPROVED,2022-11-30T12:48:04.780000Z,2022-11-30T12:52:07.234000Z,2022-12-05T14:01:38.924000,2022-11-30T12:52:07.627591Z,243,NOCODE,2294,44,Female,White,United States,United States,United States,English,No,Full-Time
638751079dc954e61279dd4b,5d0ac7504d57690017a355ef,APPROVED,2022-11-30T12:48:11.077000Z,2022-11-30T12:50:00.481000Z,2022-12-02T10:47:34.311000,2022-11-30T12:50:00.801260Z,110,NOCODE,2008,38,Male,White,United States,United States,United States,English,No,Full-Time
6387511c4a45e5553436c17c,631a9f635762d2b83a53202b,APPROVED,2022-11-30T12:48:36.642000Z,2022-11-30T12:51:17.374000Z,2022-12-05T14:01:31.392000,2022-11-30T12:51:17.698644Z,161,NOCODE,579,31,Male,White,United States,United States,United States,English,No,Full-Time
6387511f9d0ca17ff1f0cb2d,5914b7b50a4b9d0001add64f,APPROVED,2022-11-30T12:48:33.510000Z,2022-11-30T12:49:37.608000Z,2022-12-02T10:47:34.712000,2022-11-30T12:49:37.952583Z,65,NOCODE,2068,34,Male,White,United States,United States,United States,English,Yes,Full-Time
6387512c8e4cb4064c79dd0b,629531cb501e6d23d9797050,APPROVED,2022-11-30T12:48:47.302000Z,2022-11-30T12:50:13.403000Z,2022-12-05T14:01:37.447000,2022-11-30T12:50:13.798129Z,87,NOCODE,796,39,Male,White,United States,United States,United States,English,No,Full-Time
6387514379a17c86959d9704,5e7b815adb5aba05af6e6cc7,APPROVED,2022-11-30T12:49:10.497000Z,2022-11-30T12:50:33.877000Z,2022-12-05T14:01:32.371000,2022-11-30T12:50:34.271869Z,84,NOCODE,2161,35,Male,White,United States,United States,United States,English,No,Full-Time
63875149f1650438acb6bb77,570d22b35e5156000efd8bd5,APPROVED,2022-11-30T12:49:13.523000Z,2022-11-30T12:51:05.790000Z,2022-12-02T10:47:36.038000,2022-11-30T12:51:06.231065Z,113,NOCODE,608,40,Male,White,United States,United States,United States,English,No,Full-Time
63875158a38bfa0e80ebaf30,5d946449f5241f0018fe2af2,APPROVED,2022-11-30T12:49:32.478000Z,2022-11-30T12:51:55.760000Z,2022-12-05T14:01:35.258000,2022-11-30T12:51:56.141132Z,144,NOCODE,2047,43,Female,White,United States,United States,United States,English,No,Full-Time
63875167bf3005cf491ca044,61086359aa7aece92b0733e3,APPROVED,2022-11-30T12:49:45.974000Z,2022-11-30T12:51:48.082000Z,2022-12-02T10:47:37.431000,2022-11-30T12:51:48.539453Z,123,NOCODE,438,25,Female,Other,United States,United States,United States,Portuguese,No,Full-Time
63875169520bb3b4c79f1ff5,60fce31d926b2ab20551bb0b,APPROVED,2022-11-30T12:49:49.199000Z,2022-11-30T12:55:02.132000Z,2022-12-02T10:47:38.078000,2022-11-30T12:55:02.469171Z,313,NOCODE,2366,27,Female,White,United States,United States,United States,English,No,Full-Time
6387516fa38bfa0e80ebaf34,62bb090302d4f0b567668d06,APPROVED,2022-11-30T12:49:55.367000Z,2022-11-30T12:51:58.051000Z,2022-12-05T14:01:34.347000,2022-11-30T12:51:58.471941Z,123,NOCODE,705,44,Male,White,United States,United States,United States,English,No,Full-Time
638751a1098f997470eb1cc0,5a454e442f91ec0001dcb66c,APPROVED,2022-11-30T12:50:43.957000Z,2022-11-30T12:52:57.240000Z,2022-12-02T10:47:38.890000,2022-11-30T12:52:57.654568Z,134,NOCODE,4220,50,Female,White,United States,United States,United States,English,No,Full-Time
638751a8a38bfa0e80ebaf3c,6361b032a20001fc86b0ff1b,APPROVED,2022-11-30T12:50:52.373000Z,2022-11-30T12:53:51.150000Z,2022-12-05T14:01:36.874000,2022-11-30T12:53:51.493399Z,179,NOCODE,229,37,Male,White,United States,United States,United States,English,No,Full-Time
638751aad022dbae7136c19a,611af405085b2a25ec6e1eae,APPROVED,2022-11-30T12:50:55.326000Z,2022-11-30T12:52:32.500000Z,2022-12-02T10:47:39.423000,2022-11-30T12:52:32.881244Z,98,NOCODE,1572,49,Female,White,United States,United States,United States,English,No,Full-Time
638751cc38de5b7d351c9fd5,60fadf64707bc7dcf61f9e54,APPROVED,2022-11-30T12:52:07.682000Z,2022-11-30T13:00:12.673000Z,2022-12-02T10:47:41.764000,2022-11-30T13:00:13.406820Z,485,NOCODE,3054,40,Male,White,United States,United States,United States,English,No,Full-Time
638751d1868a49df837c10f1,5591cd21fdf99b63126f6c60,APPROVED,2022-11-30T12:51:34.799000Z,2022-11-30T12:52:53.276000Z,2022-12-05T14:01:35.647000,2022-11-30T12:52:53.656817Z,79,NOCODE,3288,32,Male,White,United States,United States,United States,English,No,Full-Time
638751da23dd2ff0fbd13a57,6361a8a745dd1d5d6f192d36,APPROVED,2022-11-30T12:51:44.256000Z,2022-11-30T12:53:27.941000Z,2022-12-05T14:01:41.640000,2022-11-30T12:53:28.610998Z,104,NOCODE,126,39,Male,Black,DATA_EXPIRED,United States,United States,English,DATA_EXPIRED,Full-Time
638751dc1fb67cdaea9f1fd7,5d1b96e879ff550019e06c41,APPROVED,2022-11-30T12:51:44.168000Z,2022-11-30T12:53:21.169000Z,2022-12-02T10:47:39.931000,2022-11-30T12:53:21.527779Z,98,NOCODE,403,33,Male,White,United States,United States,United States,English,No,Full-Time
638751de868a49df837c10f4,5dd3205a523df033442e19da,APPROVED,2022-11-30T12:51:45.254000Z,2022-11-30T12:52:51.202000Z,2022-12-05T14:01:43.490000,2022-11-30T12:52:51.597691Z,66,NOCODE,3494,33,Male,White,United States,United States,United States,English,No,Full-Time
638751ed1fb67cdaea9f1fd8,5edfb0770fb0722aa3839b6d,APPROVED,2022-11-30T12:51:59.489000Z,2022-11-30T12:53:56.343000Z,2022-12-02T10:47:41.255000,2022-11-30T12:53:56.719048Z,117,NOCODE,3137,27,Female,White,United States,United States,United States,English,No,Full-Time
638751f65005a20f75a0cfc6,632f7bec7eb646908138c15c,APPROVED,2022-11-30T12:52:15.922000Z,2022-11-30T12:55:02.802000Z,2022-12-05T14:01:46.465000,2022-11-30T12:55:03.122657Z,167,NOCODE,396,43,Male,White,United States,United States,United States,English,Yes,Full-Time
638751fc2f727f2c4ff4c0b1,5ee85ec585a33015e839df78,APPROVED,2022-11-30T12:52:18.431000Z,2022-11-30T12:54:21.488000Z,2022-12-02T10:47:42.599000,2022-11-30T12:54:21.879943Z,124,NOCODE,630,31,Female,White,United States,United States,United States,English,Yes,Full-Time
63875200e63a58fd270ff110,5a0a03fa074b190001251b3c,APPROVED,2022-11-30T12:52:19.726000Z,2022-11-30T12:55:59.317000Z,2022-12-05T14:03:21.184000,2022-11-30T12:55:59.692070Z,220,NOCODE,2792,33,Male,White,United States,United States,United States,English,No,Full-Time
638752068d61c75cb40da70c,62fedd1d5abea42a4a58a82a,APPROVED,2022-11-30T12:52:25.193000Z,2022-11-30T12:53:43.359000Z,2022-12-02T10:47:43.056000,2022-11-30T12:53:43.757759Z,79,NOCODE,358,28,Male,Asian,United States,United States,United States,English,No,Full-Time
6387520c925d700a82f0cad9,6296290ec41bde1525dbb77e,APPROVED,2022-11-30T12:52:28.651000Z,2022-11-30T12:55:01.307000Z,2022-12-05T14:03:22.371000,2022-11-30T12:55:01.851393Z,153,NOCODE,395,36,Male,White,United States,United States,United States,English,No,Full-Time
638752289da44e4ae7528556,5f2732c17f64f043dd83bdbb,APPROVED,2022-11-30T12:53:09.300000Z,2022-11-30T12:59:13.379000Z,2022-12-05T14:01:47.924000,2022-11-30T12:59:13.848209Z,365,NOCODE,1511,36,Male,Other,Dominican Republic,United States,United States,Spanish,No,Full-Time
6387523ef180dce63dab8242,5a07a6af002e1800019d6aab,APPROVED,2022-11-30T12:53:31.439000Z,2022-11-30T12:59:32.658000Z,2022-12-02T10:47:45.089000,2022-11-30T12:59:33.045310Z,362,NOCODE,5083,46,Male,Black,United States,United States,United States,English,No,Full-Time
6387524b62f19e2692f4c0e7,55a47692fdf99b126e625257,APPROVED,2022-11-30T12:53:31.506000Z,2022-11-30T12:57:03.937000Z,2022-12-02T10:47:46.397000,2022-11-30T12:57:04.387183Z,213,NOCODE,3095,32,Female,Black,United States,United States,United States,English,No,Full-Time
63875252f45e155cfd7fa0ed,62d43cee3d60ac98c1dcacc8,APPROVED,2022-11-30T12:53:40.695000Z,2022-11-30T12:58:10.781000Z,2022-12-05T14:03:36.948000,2022-11-30T12:58:11.385093Z,271,NOCODE,775,25,Male,White,United States,United States,United States,English,No,Full-Time
63875267b9778af6f91ca018,6333103245619932bba4c8f6,APPROVED,2022-11-30T12:54:04.094000Z,2022-11-30T12:55:46.850000Z,2022-12-02T10:47:47.079000,2022-11-30T12:55:47.228176Z,103,NOCODE,375,42,Male,White,Puerto Rico,United States,United States,Spanish,No,Full-Time
638752708af031369515d14d,62b496ea7c06f67ea068d0d3,APPROVED,2022-11-30T12:54:24.130000Z,2022-11-30T12:56:11.645000Z,2022-12-05T14:03:37.484000,2022-11-30T12:56:12.027666Z,108,NOCODE,735,36,Male,Black,DATA_EXPIRED,United States,United States,English,DATA_EXPIRED,Full-Time
63875270facc5f69aa52985c,56bd7bf3d4e2180005a86846,APPROVED,2022-11-30T12:54:11.470000Z,2022-11-30T12:56:52.595000Z,2022-12-05T14:03:22.862000,2022-11-30T12:56:53.001510Z,162,NOCODE,379,37,Female,Black,United States,United States,United States,English,No,Full-Time
63875272ac40287495db6278,5e6560b5b402952e900827c5,APPROVED,2022-11-30T12:54:14.389000Z,2022-11-30T12:55:55.091000Z,2022-12-05T14:03:35.993000,2022-11-30T12:55:55.489706Z,101,NOCODE,3497,48,Male,White,United States,United States,United States,English,No,Full-Time
638752b9868a49df837c111e,60801193150c8f60aa4884f0,APPROVED,2022-11-30T12:55:23.679000Z,2022-11-30T12:56:50.009000Z,2022-12-05T14:04:01.838000,2022-11-30T12:56:50.361880Z,87,NOCODE,2847,39,Male,White,United States,United States,United States,English,No,Full-Time
638752b98e237d0e119f1f8d,60737b97d01c3800e734921d,APPROVED,2022-11-30T12:55:25.014000Z,2022-11-30T12:58:16.006000Z,2022-12-05T14:03:24.165000,2022-11-30T12:58:16.386870Z,171,NOCODE,1349,30,Male,Mixed,United States,United States,United States,English,No,Full-Time
638752c24a7eeee00eecd577,59e91cebae9f950001d8466a,APPROVED,2022-11-30T12:55:33.864000Z,2022-11-30T12:59:31.998000Z,2022-12-05T14:03:32.299000,2022-11-30T12:59:32.407568Z,239,NOCODE,2757,32,Female,White,United States,United States,United States,English,DATA_EXPIRED,Full-Time
638752c6507d12474df0cb17,5fecc7dba53c57e979fd4751,APPROVED,2022-11-30T12:55:38.579000Z,2022-11-30T12:58:57.158000Z,2022-12-02T10:47:49.703000,2022-11-30T12:58:57.543809Z,199,NOCODE,723,31,Male,White,United States,United States,United States,English,No,Full-Time
638752cddea5e8709f7c10dc,60c4e1091b936c7b812e5af4,APPROVED,2022-11-30T12:55:44.427000Z,2022-11-30T12:57:26.707000Z,2022-12-05T14:03:26.507000,2022-11-30T12:57:27.037600Z,103,NOCODE,2314,45,Male,White,United States,United States,United States,English,No,Full-Time
638752d3b1d0f57cc6f0cb42,5ed3fdbdb6ee6f39f590e455,APPROVED,2022-11-30T12:55:49.947000Z,2022-11-30T12:56:48.579000Z,2022-12-02T10:47:50.961000,2022-11-30T12:56:48.951821Z,59,NOCODE,1491,42,Male,Mixed,Honduras,United States,United States,Spanish,DATA_EXPIRED,Full-Time
638752d523dd2ff0fbd13a79,5dd6b5720f8d5163ac1e876e,APPROVED,2022-11-30T12:55:56.027000Z,2022-11-30T13:00:46.176000Z,2022-12-05T14:03:26.014000,2022-11-30T13:00:46.568166Z,291,NOCODE,944,36,Female,Mixed,United States,United States,United States,Spanish,No,Full-Time
638752f0098f997470eb1d11,6313a3d93104022e9b8a7318,APPROVED,2022-11-30T12:56:20.821000Z,2022-11-30T12:58:59.310000Z,2022-12-02T10:47:51.597000,2022-11-30T12:58:59.675508Z,159,NOCODE,641,38,Male,Other,"Venezuela, Bolivarian Republic of",United States,United States,English,No,Full-Time
638752f4234c37bdaf8d4e86,62891f0c151d0193dd342f81,APPROVED,2022-11-30T12:56:23.494000Z,2022-11-30T12:58:29.776000Z,2022-12-05T14:03:29.454000,2022-11-30T12:58:30.182905Z,127,NOCODE,30,33,Male,White,United States,United States,United States,English,No,Full-Time
638752f5f3ca4eb28e4cab08,60fdd5732c9e665b27eac15e,APPROVED,2022-11-30T12:56:26.964000Z,2022-11-30T12:58:51.821000Z,2022-12-05T14:03:28.053000,2022-11-30T12:58:52.285645Z,145,NOCODE,1793,31,Male,White,United States,United States,United States,English,No,Full-Time
6387530a4a7eeee00eecd583,60f9c757bcdbe031c0d0994a,APPROVED,2022-11-30T12:56:45.434000Z,2022-11-30T12:59:08.985000Z,2022-12-02T10:47:52.981000,2022-11-30T12:59:09.378804Z,144,NOCODE,516,30,Female,White,United States,United States,United States,English,No,Full-Time
6387530b784b3b75549d9714,636577d277247b6a9c0dc54c,APPROVED,2022-11-30T12:56:47.257000Z,2022-11-30T12:58:43.268000Z,2022-12-05T14:03:31.738000,2022-11-30T12:58:43.874189Z,117,NOCODE,169,39,Male,White,United States,United States,United States,English,No,Full-Time
6387533bbb66360f6ed3186a,60ccbffae161aadb1880ad6c,APPROVED,2022-11-30T12:57:34.112000Z,2022-11-30T12:58:38.579000Z,2022-12-02T10:47:53.841000,2022-11-30T12:58:38.972930Z,65,NOCODE,2751,34,Female,White,United States,United States,United States,English,No,Full-Time
6387534bdea5e8709f7c10ef,597f662f89542d0001517d78,APPROVED,2022-11-30T12:57:50.999000Z,2022-11-30T13:00:12.254000Z,2022-12-05T14:03:30.834000,2022-11-30T13:00:12.711472Z,142,NOCODE,3079,40,Male,White,United States,United States,United States,English,No,Full-Time
6387535a30aa299080529848,6312bdcf64c0abf681b89dd5,APPROVED,2022-11-30T12:58:05.544000Z,2022-11-30T13:00:19.997000Z,2022-12-05T14:04:02.260000,2022-11-30T13:00:20.419951Z,135,NOCODE,334,33,Male,White,United States,United States,United States,English,No,Full-Time
638753865bb742e26679dcfa,595bdc5b57e9520001f78eef,APPROVED,2022-11-30T12:58:52.174000Z,2022-11-30T13:01:42.293000Z,2022-12-05T14:04:02.714000,2022-11-30T13:01:42.730324Z,171,NOCODE,1545,42,Male,Asian,United States,United States,United States,English,No,Full-Time
6387539ca50ef5e96e264a0c,611267d44fb8536ce68fe464,APPROVED,2022-11-30T12:59:16.770000Z,2022-11-30T13:02:08.268000Z,2022-12-05T14:03:39.285000,2022-11-30T13:02:09.390048Z,172,We thank you for your time spent taking this survey. Your response has been recorded.,1442,31,Female,White,United States,United States,United States,English,No,Full-Time
6387539efacc5f69aa529890,6352c60b4a9850783773f265,APPROVED,2022-11-30T12:59:14.836000Z,2022-11-30T13:01:28.929000Z,2022-12-05T14:03:38.716000,2022-11-30T13:01:29.299814Z,135,NOCODE,299,47,Male,Black,United States,United States,United States,English,No,Full-Time
638753b2bc3656ae57d5638f,62b5dd0fb9686d325c7d1f15,APPROVED,2022-11-30T12:59:38.425000Z,2022-11-30T13:02:14.253000Z,2022-12-05T14:04:19.599000,2022-11-30T13:02:14.592769Z,156,NOCODE,1014,47,Male,White,United States,United States,United States,English,No,Full-Time
638753bae63db98bd34e93a7,631f991a0a5b1611251a3ebe,APPROVED,2022-11-30T12:59:46.788000Z,2022-11-30T13:09:16.225000Z,2022-12-05T14:04:33.104000,2022-11-30T13:09:16.639952Z,570,NOCODE,295,30,Male,Black,DATA_EXPIRED,United States,United States,English,DATA_EXPIRED,Full-Time
638753c7b60384135f9d96e8,5b147696d282ff00015c2c4e,APPROVED,2022-11-30T12:59:54.622000Z,2022-11-30T13:01:50.212000Z,2022-12-05T14:04:21.170000,2022-11-30T13:01:50.597972Z,116,NOCODE,5117,29,Female,White,United States,United States,United States,English,No,Full-Time
638753e90b1029975236c169,60fd771419e1a266614d4211,APPROVED,2022-11-30T13:00:28.259000Z,2022-11-30T13:03:00.770000Z,2022-12-05T14:03:41.300000,2022-11-30T13:03:01.117637Z,153,NOCODE,692,44,Female,White,United States,United States,United States,English,No,Full-Time
638753f6d21cdaa1194caaa2,6151c8ea2f7b31bdda93807d,APPROVED,2022-11-30T13:00:42.492000Z,2022-11-30T13:02:25.887000Z,2022-12-05T14:03:41.920000,2022-11-30T13:02:26.287252Z,104,NOCODE,620,32,Male,White,United States,United States,United States,English,No,Full-Time
638753f930aa29908052985c,63626a68cf44b4184483c8e8,APPROVED,2022-11-30T13:00:45.023000Z,2022-11-30T13:03:29.306000Z,2022-12-05T14:04:09.775000,2022-11-30T13:03:29.712038Z,165,NOCODE,203,28,Female,White,United States,United States,United States,English,No,Full-Time
638753fe78b600e1030519e6,62c2e1dcee1194bef7151c26,APPROVED,2022-11-30T13:00:50.246000Z,2022-11-30T13:04:14.317000Z,2022-12-05T14:03:43.481000,2022-11-30T13:04:14.798525Z,205,NOCODE,554,35,Male,White,United States,United States,United States,English,No,Full-Time
63875419bb66360f6ed31886,61126ae96d1d4e2b2571704d,APPROVED,2022-11-30T13:01:17.627000Z,2022-11-30T13:04:35.722000Z,2022-12-05T14:03:46.343000,2022-11-30T13:04:36.214325Z,199,NOCODE,323,44,Female,White,United States,United States,United States,English,No,Full-Time
6387541fca4b79302dd13aaa,5d2df745da13f60018d14b64,APPROVED,2022-11-30T13:01:22.682000Z,2022-11-30T13:03:16.943000Z,2022-12-05T14:04:34.882000,2022-11-30T13:03:17.320538Z,115,NOCODE,3090,40,Male,White,United States,United States,United States,English,No,Full-Time
638754228bf3f9db9b36a114,5e39d872793a082024d9cf18,APPROVED,2022-11-30T13:01:27.103000Z,2022-11-30T13:17:26.838000Z,2022-12-05T14:04:22.082000,2022-11-30T13:17:27.188543Z,960,NOCODE,3638,41,Male,White,United States,United States,United States,English,Yes,Full-Time
638754237a2d890205dedcf3,55e733aa41988f001075ce1f,APPROVED,2022-11-30T13:01:25.342000Z,2022-11-30T13:03:15.803000Z,2022-12-05T14:03:47.639000,2022-11-30T13:03:16.219276Z,111,NOCODE,232,43,Female,White,United States,United States,United States,English,No,Full-Time
63875434e6ab5e5d0a79dd20,5d979a7705d4d60017b154c6,APPROVED,2022-11-30T13:01:44.905000Z,2022-11-30T13:03:56.496000Z,2022-12-05T14:03:49.289000,2022-11-30T13:03:57.005838Z,132,NOCODE,4054,32,Male,Asian,United States,United States,United States,English,No,Full-Time
63875436a255096b564e9384,5df63faaa98a7a45159a9bba,APPROVED,2022-11-30T13:01:44.712000Z,2022-11-30T13:02:54.855000Z,2022-12-05T14:04:05.779000,2022-11-30T13:02:55.253431Z,71,NOCODE,1567,40,Male,White,United States,United States,United States,English,No,Full-Time
6387543be63db98bd34e93bd,61bb396b40db417c1a138e43,APPROVED,2022-11-30T13:01:47.389000Z,2022-11-30T13:04:18.071000Z,2022-12-05T14:03:57.010000,2022-11-30T13:04:18.431924Z,151,NOCODE,2290,49,Female,White,United States,United States,United States,English,No,Full-Time
6387545644c2619ce3cfd053,59048309c4ef1300011b1085,APPROVED,2022-11-30T13:02:32.648000Z,2022-11-30T13:06:27.532000Z,2022-12-05T14:03:56.315000,2022-11-30T13:06:27.996058Z,235,We thank you for your time spent taking this survey. Your response has been recorded.,1198,41,Female,White,United States,United States,United States,English,No,Full-Time
638754568a0e0abeed9d96da,6330e50102d0e9d363d139b2,APPROVED,2022-11-30T13:02:14.637000Z,2022-11-30T13:05:57.056000Z,2022-12-05T14:03:51.043000,2022-11-30T13:05:57.469813Z,223,NOCODE,348,30,Male,White,United States,United States,United States,English,No,Full-Time
6387546ccd9303087c0ff0f4,54e32a60fdf99b3eae9de85b,APPROVED,2022-11-30T13:02:43.579000Z,2022-11-30T13:05:01.883000Z,2022-12-05T14:03:51.740000,2022-11-30T13:05:02.223084Z,139,NOCODE,3904,38,Female,White,United States,United States,United States,English,No,Full-Time
63875478e8f562d569d13a47,5dee72917309b950e5262f3a,APPROVED,2022-11-30T13:03:00.279000Z,2022-11-30T13:04:27.091000Z,2022-12-05T14:03:53.613000,2022-11-30T13:04:27.479651Z,87,NOCODE,2603,28,Male,White,United States,United States,United States,English,No,Full-Time
6387548d1cd76141b04caa89,628fde22d960fa7a63fb231d,APPROVED,2022-11-30T13:03:14.961000Z,2022-11-30T13:05:42.593000Z,2022-12-05T14:03:55.539000,2022-11-30T13:05:43.000016Z,148,NOCODE,1409,38,Male,Black,United States,United States,United States,English,No,Full-Time
638754c68771c523e2cfd02d,631d1e66900f4855704e8c6e,APPROVED,2022-11-30T13:04:47.791000Z,2022-11-30T13:26:48.943000Z,2022-12-05T14:04:17.523000,2022-11-30T13:26:49.309298Z,1322,NOCODE,551,40,Male,White,United States,United States,United States,English,No,Full-Time
638754cda537ba1a2ebeca79,5dd827c1393bd37c1adb1d47,APPROVED,2022-11-30T13:04:17.478000Z,2022-11-30T13:06:36.150000Z,2022-12-05T14:04:12.529000,2022-11-30T13:06:36.535286Z,139,NOCODE,3552,29,Female,White,United States,United States,United States,English,No,Full-Time
638754e9fb146d8ba1ec7282,5c75419284e176001254c7a5,AWAITING REVIEW,2022-11-30T13:04:45.749000Z,2022-11-30T13:05:55.171000Z,,2022-11-30T13:05:55.616921Z,70,NOCODE,3195,42,Male,White,United States,United States,United States,English,No,Full-Time
638754ed75694f52f3529854,5b690c1840003400016fdb4b,APPROVED,2022-11-30T13:04:48.898000Z,2022-11-30T13:07:08.677000Z,2022-12-05T14:04:14.795000,2022-11-30T13:07:08.992892Z,140,NOCODE,1405,34,Female,White,United States,United States,United States,English,No,Full-Time
63875501671836362fd56389,5de32329b5bed7350391666c,APPROVED,2022-11-30T13:05:08.270000Z,2022-11-30T13:09:45.724000Z,2022-12-05T14:04:16.877000,2022-11-30T13:09:46.118390Z,278,NOCODE,2285,31,Male,White,United States,United States,United States,English,No,Full-Time
63875512b736157188b33de8,5f4af15a0add63150e16e55a,APPROVED,2022-11-30T13:05:25.944000Z,2022-11-30T13:07:46.657000Z,2022-12-05T14:04:35.686000,2022-11-30T13:07:48.684754Z,141,NOCODE,3186,37,Male,White,United States,United States,United States,English,No,Full-Time
63875515d21cdaa1194caad5,5765b92cf96b100001f64c9a,APPROVED,2022-11-30T13:05:27.845000Z,2022-11-30T13:07:06.978000Z,2022-12-05T14:04:23.252000,2022-11-30T13:07:07.336958Z,100,NOCODE,2115,38,Female,Black,United States,United States,United States,English,No,Full-Time
6387552e7c2cffcb6e264a72,6308dca0fefa374b1d697aba,AWAITING REVIEW,2022-11-30T13:05:53.616000Z,2022-11-30T13:14:34.763000Z,,2022-11-30T13:14:35.185289Z,522,No Completion Code Provided,197,35,Male,White,United States,United States,United States,English,No,Full-Time
6387554769600be079beca3a,6060f15cdc1a3c002e38b9a4,APPROVED,2022-11-30T13:06:19.196000Z,2022-11-30T13:08:20.725000Z,2022-12-05T14:04:24.064000,2022-11-30T13:08:21.130290Z,122,NOCODE,1336,40,Male,White,Japan,United States,United States,English,No,Full-Time
6387555cffceb672954caa9c,5ae3563e5cd05500015ed96b,APPROVED,2022-11-30T13:06:39.809000Z,2022-11-30T13:08:04.550000Z,2022-12-05T14:04:29.461000,2022-11-30T13:08:04.968675Z,85,NOCODE,4592,37,Female,White,United States,United States,United States,English,No,Full-Time
6387555ea0b2380becd33358,62c6ff08253faea76eb548ed,APPROVED,2022-11-30T13:06:40.321000Z,2022-11-30T13:08:36.970000Z,2022-12-05T14:04:25.846000,2022-11-30T13:08:37.416108Z,117,NOCODE,780,28,Male,White,United States,United States,United States,English,Yes,Full-Time
63875575c5cbf8071debaf1b,6325b8a7fcafb1208f542e93,APPROVED,2022-11-30T13:07:07.050000Z,2022-11-30T13:08:54.362000Z,2022-12-05T14:04:28.832000,2022-11-30T13:08:54.673874Z,108,NOCODE,353,35,Male,White,United States,United States,United States,English,Yes,Full-Time
63875589e1773690ff0ff0e5,6106cf3e7b12956ec6ec24f7,APPROVED,2022-11-30T13:07:24.194000Z,2022-11-30T13:09:18.499000Z,2022-12-05T14:04:28.277000,2022-11-30T13:09:18.928123Z,115,NOCODE,156,28,Female,White,United States,United States,United States,English,No,Full-Time
6387559a76f2ba397779dd01,633cbe0c6fa76f7cc4ca1099,AWAITING REVIEW,2022-11-30T13:07:40.887000Z,2022-11-30T13:10:13.786000Z,,2022-11-30T13:10:14.198798Z,153,NOCODE,335,29,Male,White,United States,United States,United States,English,No,Full-Time
6387559c37fe46e514b6baff,5b6641d6bd3c8a0001d487d5,AWAITING REVIEW,2022-11-30T13:07:45.479000Z,2022-11-30T13:11:05.839000Z,,2022-11-30T13:11:06.171478Z,201,NOCODE,688,36,Female,White,United States,United States,United States,English,No,Full-Time
638755a1fd7bd2516a36c121,62e97dfea1a1ef00cb9f0b10,AWAITING REVIEW,2022-11-30T13:07:56.553000Z,2022-11-30T13:09:31.894000Z,,2022-11-30T13:09:32.265315Z,96,NOCODE,653,39,Male,White,United States,United States,United States,English,No,Full-Time
638755a2e41c1e7839db6203,5d7f79e7e41ee70018d9164a,AWAITING REVIEW,2022-11-30T13:07:49.796000Z,2022-11-30T13:09:41.455000Z,,2022-11-30T13:09:42.128373Z,112,NOCODE,1564,39,Female,White,United States,United States,United States,English,No,Full-Time
638755a9d149474c11f0cb01,62b09cb0e1e30d08ebd5caf7,AWAITING REVIEW,2022-11-30T13:09:32.392000Z,2022-11-30T13:12:34.459000Z,,2022-11-30T13:12:34.795432Z,183,NOCODE,479,25,Male,Mixed,United States,United States,United States,English,No,Full-Time
638755ab8643fc67c236c184,6238b95932e705108020765a,AWAITING REVIEW,2022-11-30T13:07:58.019000Z,2022-11-30T13:11:51.601000Z,,2022-11-30T13:11:52.019405Z,234,NOCODE,443,29,Male,White,United States,United States,United States,English,No,Full-Time
638755ac25d922b057db6229,62695cc87ae7102ea7863e8d,AWAITING REVIEW,2022-11-30T13:07:59.921000Z,2022-11-30T13:10:35.825000Z,,2022-11-30T13:10:36.258645Z,156,NOCODE,875,30,Male,Asian,United States,United States,United States,English,DATA_EXPIRED,Full-Time
638755bb14f08f06e00519ce,632455db996b9d9f99cb0f44,AWAITING REVIEW,2022-11-30T13:08:22.292000Z,2022-11-30T13:25:01.869000Z,,2022-11-30T13:25:02.233991Z,1000,NOCODE,276,39,Male,White,United States,United States,United States,English,Yes,Full-Time
638755c5c4a3926a8eb6bb19,5ec403bb09d0e02a060bd5e6,AWAITING REVIEW,2022-11-30T13:08:25.177000Z,2022-11-30T13:09:48.116000Z,,2022-11-30T13:09:48.562242Z,83,NOCODE,3742,28,Female,White,United States,United States,United States,English,No,Full-Time
638755d1272959edde283de2,6116876a64aadf8649c181a8,AWAITING REVIEW,2022-11-30T13:08:35.597000Z,2022-11-30T13:11:10.135000Z,,2022-11-30T13:11:10.490024Z,155,NOCODE,1433,26,Female,White,United States,United States,United States,English,No,Full-Time
638755dde41c1e7839db620d,5ffd392153021d20d0939515,AWAITING REVIEW,2022-11-30T13:08:51.186000Z,2022-11-30T13:11:29.917000Z,,2022-11-30T13:11:30.314779Z,159,NOCODE,943,34,Male,White,United States,United States,United States,English,Yes,Full-Time
638755e4c88ec6bdb679dcd8,6138de7da0cd911868bd8d03,AWAITING REVIEW,2022-11-30T13:09:06.537000Z,2022-11-30T13:11:09.929000Z,,2022-11-30T13:11:10.443590Z,124,NOCODE,2071,31,Female,White,United States,United States,United States,English,No,Full-Time
638755eb22c073f7269d96e5,5c1d10be426c440001885e1c,AWAITING REVIEW,2022-11-30T13:09:01.666000Z,2022-11-30T13:11:15.841000Z,,2022-11-30T13:11:16.285221Z,135,NOCODE,1545,35,Female,White,United States,United States,United States,English,No,Full-Time
638755f8272959edde283dea,617378aeffbba11d8971051c,AWAITING REVIEW,2022-11-30T13:09:22.706000Z,2022-11-30T13:12:03.781000Z,,2022-11-30T13:12:04.341527Z,162,NOCODE,1028,40,Female,White,United States,United States,United States,English,No,Full-Time
638755f8a1b72a109bc22840,63480f3ff2ebda4f9403cc01,AWAITING REVIEW,2022-11-30T13:09:18.058000Z,2022-11-30T13:34:12.630000Z,,2022-11-30T13:34:13.110751Z,1495,NOCODE,381,36,Male,Black,United States,United States,United States,English,No,Full-Time
6387560a1cd76141b04caab1,5d83dba73dfcaa0019a3125f,AWAITING REVIEW,2022-11-30T13:09:33.102000Z,2022-11-30T13:13:36.858000Z,,2022-11-30T13:13:37.281565Z,244,NOCODE,2585,46,Female,White,United States,United States,United States,English,No,Full-Time
638756168bf3f9db9b36a172,594ec90eca6e670001b2c184,AWAITING REVIEW,2022-11-30T13:09:51.783000Z,2022-11-30T13:11:45.822000Z,,2022-11-30T13:11:46.220398Z,115,NOCODE,3159,29,Male,White,United States,United States,United States,English,No,Full-Time
6387561c60a3db354fd13a46,614f08a78143ac540c204c35,AWAITING REVIEW,2022-11-30T13:09:57.603000Z,2022-11-30T13:12:46.615000Z,,2022-11-30T13:12:46.998241Z,170,NOCODE,2095,28,Male,White,United States,United States,United States,English,Yes,Full-Time
638756243209f6121e36a140,6278038e3c9ead31c9a91a09,AWAITING REVIEW,2022-11-30T13:10:02.983000Z,2022-11-30T13:12:12.676000Z,,2022-11-30T13:12:13.064191Z,130,NOCODE,1255,37,Female,White,United States,United States,United States,English,No,Full-Time
638756538a0e0abeed9d9734,5e937e8e4d246b6b4162ae72,AWAITING REVIEW,2022-11-30T13:11:11.930000Z,2022-11-30T13:13:52.946000Z,,2022-11-30T13:13:53.621817Z,162,NOCODE,4017,33,Male,White,United States,United States,United States,English,No,Full-Time
63875663c4a3926a8eb6bb2a,5c16e72c91defa000115c8ec,AWAITING REVIEW,2022-11-30T13:11:04.609000Z,2022-11-30T13:12:46.024000Z,,2022-11-30T13:12:46.594627Z,102,NOCODE,1031,31,Male,White,United States,United States,United States,English,No,Full-Time
63875669671836362fd563cb,5d1686aadb7eb70001f1a65a,AWAITING REVIEW,2022-11-30T13:11:13.846000Z,2022-11-30T13:13:34.184000Z,,2022-11-30T13:13:34.587034Z,141,NOCODE,1849,37,Male,White,United States,United States,United States,English,Yes,Full-Time
63875669d149474c11f0cb18,62877d5f6a054e53313ac916,AWAITING REVIEW,2022-11-30T13:12:09.465000Z,2022-11-30T13:13:43.493000Z,,2022-11-30T13:13:43.871868Z,95,NOCODE,375,26,Male,White,United States,United States,United States,English,No,Full-Time
6387567aedcb748b940519d3,5baa535fa3c9170001156197,AWAITING REVIEW,2022-11-30T13:11:22.434000Z,2022-11-30T13:15:24.891000Z,,2022-11-30T13:15:25.967865Z,243,NOCODE,3936,32,Female,Mixed,United States,United States,United States,English,DATA_EXPIRED,Full-Time
63875680a50ef5e96e264a60,5d3222f5d7ca2e00161bda18,AWAITING REVIEW,2022-11-30T13:11:31.116000Z,2022-11-30T13:14:18.087000Z,,2022-11-30T13:14:18.385642Z,167,We thank you for your time spent taking this survey. Your response has been recorded.,532,36,Male,Black,United States,United States,United States,English,DATA_EXPIRED,Full-Time
63875681db32962cc9c2283f,61210b5c3f465c51a7f4166a,APPROVED,2022-11-30T13:12:08.390000Z,2022-11-30T13:17:08.168000Z,2022-12-01T08:06:07.016000,2022-11-30T13:17:08.528521Z,300,NOCODE,2439,37,Female,White,United States,United States,United States,English,No,Full-Time
63875691cf4ddd22569d96df,5ab3fc4b5f01000001cb07e2,AWAITING REVIEW,2022-11-30T13:11:49.293000Z,2022-11-30T13:13:34.495000Z,,2022-11-30T13:13:34.813260Z,106,NOCODE,4315,42,Male,White,United States,United States,United States,English,No,Full-Time
6387569435134c8974c2284d,5c364a99db7cf600012068a2,AWAITING REVIEW,2022-11-30T13:11:53.326000Z,2022-11-30T13:14:17.513000Z,,2022-11-30T13:14:17.892111Z,145,NOCODE,560,42,Female,White,United States,United States,United States,English,No,Full-Time
6387569cd8ee0f62eb529841,55d0945934e9060005e57258,AWAITING REVIEW,2022-11-30T13:12:00.323000Z,2022-11-30T13:13:08.478000Z,,2022-11-30T13:13:08.898349Z,69,NOCODE,2857,45,Female,White,United States,United States,United States,English,No,Full-Time
638756a14c500374debeca94,5ced9f04d98d55001aaf6702,AWAITING REVIEW,2022-11-30T13:12:04.825000Z,2022-11-30T13:13:54.450000Z,,2022-11-30T13:13:54.805196Z,110,NOCODE,513,30,Female,White,United States,United States,United States,English,No,Full-Time
6384af7fc5c99f1629ade920,5b6d95eb5729b200016a4f2e,APPROVED,2022-11-28T12:54:26.963000Z,2022-11-28T12:57:17.606000Z,2022-11-30T14:19:11.450000,2022-11-28T12:57:18.030169Z,171,NOCODE,1506,32,Female,White,United States,United States,United States,English,No,Full-Time
6384b11b3c84814453ea6414,62b1ed31eaaaa61b18c69032,APPROVED,2022-11-28T13:01:19.727000Z,2022-11-28T13:03:32.672000Z,2022-11-30T14:19:13.044000,2022-11-28T13:03:33.087883Z,133,NOCODE,157,35,Female,White,United States,United States,United States,English,No,Full-Time
6384b133fecfce2cbc311a55,5b56686fc09af90001f187a5,APPROVED,2022-11-28T13:02:04.254000Z,2022-11-28T13:03:27.877000Z,2022-11-30T14:19:14.370000,2022-11-28T13:03:28.337524Z,84,NOCODE,302,26,Female,White,United States,United States,United States,English,DATA_EXPIRED,Full-Time
6384b25e0848fa4c1e92f46c,55c22710fdf99b3896f71080,APPROVED,2022-11-28T13:06:41.639000Z,2022-11-28T13:08:38.655000Z,2022-11-30T14:19:16.032000,2022-11-28T13:08:39.623689Z,118,NOCODE,223,44,Male,White,United States,United States,United States,English,No,Full-Time
6384b261830a32a721d5087b,63169589b2fd7dd8f24702ba,APPROVED,2022-11-28T13:06:45.121000Z,2022-11-28T13:08:26.890000Z,2022-11-30T14:19:17.372000,2022-11-28T13:08:27.285081Z,102,NOCODE,482,47,Male,White,United States,United States,United States,English,No,Full-Time
6384b27f410bc56f0013676d,5eb960c022781303ab1ca871,APPROVED,2022-11-28T13:07:14.825000Z,2022-11-28T13:10:57.394000Z,2022-11-30T14:19:18.995000,2022-11-28T13:10:57.774420Z,223,NOCODE,1038,26,Male,Black,United States,United States,United States,English,No,Full-Time
6384b3605a96a5fa7830cd28,615c9083ffc1ce3be0325609,APPROVED,2022-11-28T13:11:00.783000Z,2022-11-28T13:16:37.805000Z,2022-11-30T14:19:20.349000,2022-11-28T13:16:38.232770Z,338,NOCODE,773,35,Male,Other,United States,United States,United States,Spanish,DATA_EXPIRED,Full-Time
6384b41e030bd69bcd30cd3b,5ee11eb5636ea94d3ad43e3b,APPROVED,2022-11-28T13:14:10.165000Z,2022-11-28T13:19:35.737000Z,2022-11-30T14:19:23.788000,2022-11-28T13:19:36.044091Z,326,NOCODE,1980,41,Male,White,United States,United States,United States,English,No,Full-Time
6384b4561d8ce7e80c1631ff,593f819f0ab1bd00019fd63d,APPROVED,2022-11-28T13:15:05.482000Z,2022-11-28T13:17:13.664000Z,2022-11-30T14:19:27.314000,2022-11-28T13:17:14.075974Z,129,NOCODE,1,43,Female,White,United States,United States,United States,English,No,Full-Time
6384b463c44ba7ef7830cd14,607dd554d9ec5e0fd85237cb,APPROVED,2022-11-28T13:15:19.144000Z,2022-11-28T13:17:48.929000Z,2022-11-30T14:19:32.387000,2022-11-28T13:17:49.410221Z,150,NOCODE,167,40,Male,White,United States,United States,United States,English,No,Full-Time
6384b5e345d27d150ff12257,60ff1667d33c26f94974305b,APPROVED,2022-11-28T13:21:43.786000Z,2022-11-28T13:25:08.602000Z,2022-11-30T14:19:28.993000,2022-11-28T13:25:08.961370Z,205,NOCODE,608,29,Female,White,United States,United States,United States,English,No,Full-Time
6384b6150c92c45b2eb530ae,62e02dd0f627ebffb011a0f6,APPROVED,2022-11-28T13:22:31.994000Z,2022-11-28T13:25:08.698000Z,2022-11-30T14:19:34.208000,2022-11-28T13:25:09.028872Z,157,NOCODE,460,36,Female,White,United States,United States,United States,English,No,Full-Time
6384b6626edf5fc8880c07a4,5fea9f4983f6afa8281acf14,APPROVED,2022-11-28T13:23:51.652000Z,2022-11-28T13:28:47.118000Z,2022-11-30T14:19:35.137000,2022-11-28T13:28:47.513444Z,296,NOCODE,238,27,Male,White,United States,United States,United States,English,No,Full-Time
6384b6b34e0ee8b2b60a9e7c,5914b7b50a4b9d0001add64f,APPROVED,2022-11-28T13:25:09.620000Z,2022-11-28T13:26:38.998000Z,2022-11-30T14:19:37.893000,2022-11-28T13:26:39.358773Z,90,NOCODE,2037,34,Male,White,United States,United States,United States,English,Yes,Full-Time
6384b76ee8a2de8c37464ede,607f09db2eb16b87bb4f9283,APPROVED,2022-11-28T13:28:17.789000Z,2022-11-28T13:32:00.817000Z,2022-11-30T14:19:46.535000,2022-11-28T13:32:01.561117Z,224,NOCODE,516,26,Female,White,United States,United States,United States,English,No,Full-Time
6384b81b94cd9d9eb30cc5e1,5ae3563e5cd05500015ed96b,APPROVED,2022-11-28T13:31:10.938000Z,2022-11-28T13:32:51.522000Z,2022-11-30T14:19:45.123000,2022-11-28T13:32:51.867138Z,101,NOCODE,4570,37,Female,White,United States,United States,United States,English,No,Full-Time
6384b82373c1beffcc5d94df,5fb3cbedb3cc10000a19c09d,APPROVED,2022-11-28T13:31:18.897000Z,2022-11-28T13:32:54.022000Z,2022-11-30T14:19:43.131000,2022-11-28T13:32:54.365316Z,96,NOCODE,2693,42,Female,White,United States,United States,United States,English,No,Full-Time
6384b8dfe8a2de8c37464f0a,60fb3d8cc03415dcbb89df21,APPROVED,2022-11-28T13:34:27.661000Z,2022-11-28T13:36:46.442000Z,2022-11-30T14:19:42.320000,2022-11-28T13:36:46.870005Z,139,NOCODE,64,30,Female,White,United States,United States,United States,English,No,Full-Time
6384b9180d95bbc40cea646b,5e065c9fe78021031a4b1d59,APPROVED,2022-11-28T13:35:22.524000Z,2022-11-28T13:36:58.194000Z,2022-11-30T14:19:41.291000,2022-11-28T13:36:58.869919Z,96,NOCODE,2212,27,Female,White,United States,United States,United States,English,No,Full-Time
6384b935e167fa1663b44b57,62891f0c151d0193dd342f81,APPROVED,2022-11-28T13:36:06.899000Z,2022-11-28T13:38:49.249000Z,2022-11-30T14:19:40.042000,2022-11-28T13:38:49.808922Z,163,NOCODE,15,33,Male,White,United States,United States,United States,English,No,Full-Time
